insert into accounts(username,password,regtime,lastLogin,role) 
	values('admin1','e10adc3949ba59abbe56e057f20f883e','1970-1-1 00:00:00','1970-1-1 00:00:00','Admin');
insert into accounts(username,password,regtime,lastLogin,role) 
	values('admin2','e10adc3949ba59abbe56e057f20f883e','1970-1-1 00:00:00','1970-1-1 00:00:00','Admin');
insert into accounts(username,password,regtime,lastLogin,role) 
	values('admin3','e10adc3949ba59abbe56e057f20f883e','1970-1-1 00:00:00','1970-1-1 00:00:00','Admin');
insert into accounts(username,password,regtime,lastLogin,role) 
	values('server4','e10adc3949ba59abbe56e057f20f883e','1970-1-1 00:00:00','1970-1-1 00:00:00','Server');
insert into accounts(username,password,regtime,lastLogin,role) 
	values('server5','e10adc3949ba59abbe56e057f20f883e','1970-1-1 00:00:00','1970-1-1 00:00:00','Server');
insert into accounts(username,password,regtime,lastLogin,role) 
	values('server6','e10adc3949ba59abbe56e057f20f883e','1970-1-1 00:00:00','1970-1-1 00:00:00','Server');
insert into accounts(username,password,regtime,lastLogin,role) 
	values('server7','e10adc3949ba59abbe56e057f20f883e','1970-1-1 00:00:00','1970-1-1 00:00:00','Server');
insert into accounts(username,password,regtime,lastLogin,role) 
	values('server8','e10adc3949ba59abbe56e057f20f883e','1970-1-1 00:00:00','1970-1-1 00:00:00','Server');
insert into accounts(username,password,regtime,lastLogin,role) 
	values('server9','e10adc3949ba59abbe56e057f20f883e','1970-1-1 00:00:00','1970-1-1 00:00:00','Server');
insert into accounts(username,password,regtime,lastLogin,role) 
	values('server10','e10adc3949ba59abbe56e057f20f883e','1970-1-1 00:00:00','1970-1-1 00:00:00','Server');
insert into accounts(username,password,regtime,lastLogin,role) 
	values('server11','e10adc3949ba59abbe56e057f20f883e','1970-1-1 00:00:00','1970-1-1 00:00:00','Server');
insert into accounts(username,password,regtime,lastLogin,role) 
	values('server12','e10adc3949ba59abbe56e057f20f883e','1970-1-1 00:00:00','1970-1-1 00:00:00','Server');
insert into accounts(username,password,regtime,lastLogin,role) 
	values('server13','e10adc3949ba59abbe56e057f20f883e','1970-1-1 00:00:00','1970-1-1 00:00:00','Server');
insert into accounts(username,password,regtime,lastLogin,role) 
	values('server14','e10adc3949ba59abbe56e057f20f883e','1970-1-1 00:00:00','1970-1-1 00:00:00','Server');
insert into accounts(username,password,regtime,lastLogin,role) 
	values('server15','e10adc3949ba59abbe56e057f20f883e','1970-1-1 00:00:00','1970-1-1 00:00:00','Server');
insert into accounts(username,password,regtime,lastLogin,role) 
	values('server16','e10adc3949ba59abbe56e057f20f883e','1970-1-1 00:00:00','1970-1-1 00:00:00','Server');
insert into accounts(username,password,regtime,lastLogin,role) 
	values('server17','e10adc3949ba59abbe56e057f20f883e','1970-1-1 00:00:00','1970-1-1 00:00:00','Server');
insert into accounts(username,password,regtime,lastLogin,role) 
	values('server18','e10adc3949ba59abbe56e057f20f883e','1970-1-1 00:00:00','1970-1-1 00:00:00','Server');
insert into accounts(username,password,regtime,lastLogin,role) 
	values('server19','e10adc3949ba59abbe56e057f20f883e','1970-1-1 00:00:00','1970-1-1 00:00:00','Server');
insert into accounts(username,password,regtime,lastLogin,role) 
	values('server20','e10adc3949ba59abbe56e057f20f883e','1970-1-1 00:00:00','1970-1-1 00:00:00','Server');
insert into accounts(username,password,regtime,lastLogin,role) 
	values('server21','e10adc3949ba59abbe56e057f20f883e','1970-1-1 00:00:00','1970-1-1 00:00:00','Server');
insert into accounts(username,password,regtime,lastLogin,role) 
	values('server22','e10adc3949ba59abbe56e057f20f883e','1970-1-1 00:00:00','1970-1-1 00:00:00','Server');
insert into accounts(username,password,regtime,lastLogin,role) 
	values('server23','e10adc3949ba59abbe56e057f20f883e','1970-1-1 00:00:00','1970-1-1 00:00:00','Server');
insert into accounts(username,password,regtime,lastLogin,role) 
	values('user24','e10adc3949ba59abbe56e057f20f883e','1970-1-1 00:00:00','1970-1-1 00:00:00','User');
insert into accounts(username,password,regtime,lastLogin,role) 
	values('user25','e10adc3949ba59abbe56e057f20f883e','1970-1-1 00:00:00','1970-1-1 00:00:00','User');
insert into accounts(username,password,regtime,lastLogin,role) 
	values('user26','e10adc3949ba59abbe56e057f20f883e','1970-1-1 00:00:00','1970-1-1 00:00:00','User');
insert into accounts(username,password,regtime,lastLogin,role) 
	values('user27','e10adc3949ba59abbe56e057f20f883e','1970-1-1 00:00:00','1970-1-1 00:00:00','User');
insert into accounts(username,password,regtime,lastLogin,role) 
	values('user28','e10adc3949ba59abbe56e057f20f883e','1970-1-1 00:00:00','1970-1-1 00:00:00','User');
insert into accounts(username,password,regtime,lastLogin,role) 
	values('user29','e10adc3949ba59abbe56e057f20f883e','1970-1-1 00:00:00','1970-1-1 00:00:00','User');
insert into accounts(username,password,regtime,lastLogin,role) 
	values('user30','e10adc3949ba59abbe56e057f20f883e','1970-1-1 00:00:00','1970-1-1 00:00:00','User');
insert into accounts(username,password,regtime,lastLogin,role) 
	values('user31','e10adc3949ba59abbe56e057f20f883e','1970-1-1 00:00:00','1970-1-1 00:00:00','User');
insert into accounts(username,password,regtime,lastLogin,role) 
	values('user32','e10adc3949ba59abbe56e057f20f883e','1970-1-1 00:00:00','1970-1-1 00:00:00','User');
insert into accounts(username,password,regtime,lastLogin,role) 
	values('user33','e10adc3949ba59abbe56e057f20f883e','1970-1-1 00:00:00','1970-1-1 00:00:00','User');
insert into accounts(username,password,regtime,lastLogin,role) 
	values('user34','e10adc3949ba59abbe56e057f20f883e','1970-1-1 00:00:00','1970-1-1 00:00:00','User');
insert into accounts(username,password,regtime,lastLogin,role) 
	values('user35','e10adc3949ba59abbe56e057f20f883e','1970-1-1 00:00:00','1970-1-1 00:00:00','User');
insert into accounts(username,password,regtime,lastLogin,role) 
	values('user36','e10adc3949ba59abbe56e057f20f883e','1970-1-1 00:00:00','1970-1-1 00:00:00','User');
insert into accounts(username,password,regtime,lastLogin,role) 
	values('user37','e10adc3949ba59abbe56e057f20f883e','1970-1-1 00:00:00','1970-1-1 00:00:00','User');
insert into accounts(username,password,regtime,lastLogin,role) 
	values('user38','e10adc3949ba59abbe56e057f20f883e','1970-1-1 00:00:00','1970-1-1 00:00:00','User');
insert into accounts(username,password,regtime,lastLogin,role) 
	values('user39','e10adc3949ba59abbe56e057f20f883e','1970-1-1 00:00:00','1970-1-1 00:00:00','User');
insert into accounts(username,password,regtime,lastLogin,role) 
	values('user40','e10adc3949ba59abbe56e057f20f883e','1970-1-1 00:00:00','1970-1-1 00:00:00','User');
insert into accounts(username,password,regtime,lastLogin,role) 
	values('user41','e10adc3949ba59abbe56e057f20f883e','1970-1-1 00:00:00','1970-1-1 00:00:00','User');
insert into accounts(username,password,regtime,lastLogin,role) 
	values('user42','e10adc3949ba59abbe56e057f20f883e','1970-1-1 00:00:00','1970-1-1 00:00:00','User');
insert into accounts(username,password,regtime,lastLogin,role) 
	values('user43','e10adc3949ba59abbe56e057f20f883e','1970-1-1 00:00:00','1970-1-1 00:00:00','User');
insert into accounts(username,password,regtime,lastLogin,role) 
	values('user44','e10adc3949ba59abbe56e057f20f883e','1970-1-1 00:00:00','1970-1-1 00:00:00','User');
insert into accounts(username,password,regtime,lastLogin,role) 
	values('user45','e10adc3949ba59abbe56e057f20f883e','1970-1-1 00:00:00','1970-1-1 00:00:00','User');
insert into accounts(username,password,regtime,lastLogin,role) 
	values('user46','e10adc3949ba59abbe56e057f20f883e','1970-1-1 00:00:00','1970-1-1 00:00:00','User');
insert into accounts(username,password,regtime,lastLogin,role) 
	values('user47','e10adc3949ba59abbe56e057f20f883e','1970-1-1 00:00:00','1970-1-1 00:00:00','User');
insert into accounts(username,password,regtime,lastLogin,role) 
	values('user48','e10adc3949ba59abbe56e057f20f883e','1970-1-1 00:00:00','1970-1-1 00:00:00','User');
insert into accounts(username,password,regtime,lastLogin,role) 
	values('user49','e10adc3949ba59abbe56e057f20f883e','1970-1-1 00:00:00','1970-1-1 00:00:00','User');
insert into accounts(username,password,regtime,lastLogin,role) 
	values('user50','e10adc3949ba59abbe56e057f20f883e','1970-1-1 00:00:00','1970-1-1 00:00:00','User');
insert into accounts(username,password,regtime,lastLogin,role) 
	values('user51','e10adc3949ba59abbe56e057f20f883e','1970-1-1 00:00:00','1970-1-1 00:00:00','User');
insert into accounts(username,password,regtime,lastLogin,role) 
	values('user52','e10adc3949ba59abbe56e057f20f883e','1970-1-1 00:00:00','1970-1-1 00:00:00','User');
insert into accounts(username,password,regtime,lastLogin,role) 
	values('user53','e10adc3949ba59abbe56e057f20f883e','1970-1-1 00:00:00','1970-1-1 00:00:00','User');
insert into accounts(username,password,regtime,lastLogin,role) 
	values('user54','e10adc3949ba59abbe56e057f20f883e','1970-1-1 00:00:00','1970-1-1 00:00:00','User');
insert into accounts(username,password,regtime,lastLogin,role) 
	values('user55','e10adc3949ba59abbe56e057f20f883e','1970-1-1 00:00:00','1970-1-1 00:00:00','User');
insert into accounts(username,password,regtime,lastLogin,role) 
	values('user56','e10adc3949ba59abbe56e057f20f883e','1970-1-1 00:00:00','1970-1-1 00:00:00','User');
insert into accounts(username,password,regtime,lastLogin,role) 
	values('user57','e10adc3949ba59abbe56e057f20f883e','1970-1-1 00:00:00','1970-1-1 00:00:00','User');
insert into accounts(username,password,regtime,lastLogin,role) 
	values('user58','e10adc3949ba59abbe56e057f20f883e','1970-1-1 00:00:00','1970-1-1 00:00:00','User');
insert into accounts(username,password,regtime,lastLogin,role) 
	values('user59','e10adc3949ba59abbe56e057f20f883e','1970-1-1 00:00:00','1970-1-1 00:00:00','User');
insert into accounts(username,password,regtime,lastLogin,role) 
	values('user60','e10adc3949ba59abbe56e057f20f883e','1970-1-1 00:00:00','1970-1-1 00:00:00','User');
insert into accounts(username,password,regtime,lastLogin,role) 
	values('user61','e10adc3949ba59abbe56e057f20f883e','1970-1-1 00:00:00','1970-1-1 00:00:00','User');
insert into accounts(username,password,regtime,lastLogin,role) 
	values('user62','e10adc3949ba59abbe56e057f20f883e','1970-1-1 00:00:00','1970-1-1 00:00:00','User');
insert into accounts(username,password,regtime,lastLogin,role) 
	values('user63','e10adc3949ba59abbe56e057f20f883e','1970-1-1 00:00:00','1970-1-1 00:00:00','User');
insert into accounts(username,password,regtime,lastLogin,role) 
	values('user64','e10adc3949ba59abbe56e057f20f883e','1970-1-1 00:00:00','1970-1-1 00:00:00','User');
insert into accounts(username,password,regtime,lastLogin,role) 
	values('user65','e10adc3949ba59abbe56e057f20f883e','1970-1-1 00:00:00','1970-1-1 00:00:00','User');
insert into accounts(username,password,regtime,lastLogin,role) 
	values('user66','e10adc3949ba59abbe56e057f20f883e','1970-1-1 00:00:00','1970-1-1 00:00:00','User');
insert into accounts(username,password,regtime,lastLogin,role) 
	values('user67','e10adc3949ba59abbe56e057f20f883e','1970-1-1 00:00:00','1970-1-1 00:00:00','User');
insert into accounts(username,password,regtime,lastLogin,role) 
	values('user68','e10adc3949ba59abbe56e057f20f883e','1970-1-1 00:00:00','1970-1-1 00:00:00','User');
insert into accounts(username,password,regtime,lastLogin,role) 
	values('user69','e10adc3949ba59abbe56e057f20f883e','1970-1-1 00:00:00','1970-1-1 00:00:00','User');
insert into accounts(username,password,regtime,lastLogin,role) 
	values('user70','e10adc3949ba59abbe56e057f20f883e','1970-1-1 00:00:00','1970-1-1 00:00:00','User');
insert into accounts(username,password,regtime,lastLogin,role) 
	values('user71','e10adc3949ba59abbe56e057f20f883e','1970-1-1 00:00:00','1970-1-1 00:00:00','User');
insert into accounts(username,password,regtime,lastLogin,role) 
	values('user72','e10adc3949ba59abbe56e057f20f883e','1970-1-1 00:00:00','1970-1-1 00:00:00','User');
insert into accounts(username,password,regtime,lastLogin,role) 
	values('user73','e10adc3949ba59abbe56e057f20f883e','1970-1-1 00:00:00','1970-1-1 00:00:00','User');
insert into accounts(username,password,regtime,lastLogin,role) 
	values('user74','e10adc3949ba59abbe56e057f20f883e','1970-1-1 00:00:00','1970-1-1 00:00:00','User');
insert into accounts(username,password,regtime,lastLogin,role) 
	values('user75','e10adc3949ba59abbe56e057f20f883e','1970-1-1 00:00:00','1970-1-1 00:00:00','User');
insert into accounts(username,password,regtime,lastLogin,role) 
	values('user76','e10adc3949ba59abbe56e057f20f883e','1970-1-1 00:00:00','1970-1-1 00:00:00','User');
insert into accounts(username,password,regtime,lastLogin,role) 
	values('user77','e10adc3949ba59abbe56e057f20f883e','1970-1-1 00:00:00','1970-1-1 00:00:00','User');
insert into accounts(username,password,regtime,lastLogin,role) 
	values('user78','e10adc3949ba59abbe56e057f20f883e','1970-1-1 00:00:00','1970-1-1 00:00:00','User');
insert into accounts(username,password,regtime,lastLogin,role) 
	values('user79','e10adc3949ba59abbe56e057f20f883e','1970-1-1 00:00:00','1970-1-1 00:00:00','User');
insert into accounts(username,password,regtime,lastLogin,role) 
	values('user80','e10adc3949ba59abbe56e057f20f883e','1970-1-1 00:00:00','1970-1-1 00:00:00','User');
insert into accounts(username,password,regtime,lastLogin,role) 
	values('user81','e10adc3949ba59abbe56e057f20f883e','1970-1-1 00:00:00','1970-1-1 00:00:00','User');
insert into accounts(username,password,regtime,lastLogin,role) 
	values('user82','e10adc3949ba59abbe56e057f20f883e','1970-1-1 00:00:00','1970-1-1 00:00:00','User');
insert into accounts(username,password,regtime,lastLogin,role) 
	values('user83','e10adc3949ba59abbe56e057f20f883e','1970-1-1 00:00:00','1970-1-1 00:00:00','User');
insert into accounts(username,password,regtime,lastLogin,role) 
	values('user84','e10adc3949ba59abbe56e057f20f883e','1970-1-1 00:00:00','1970-1-1 00:00:00','User');
insert into accounts(username,password,regtime,lastLogin,role) 
	values('user85','e10adc3949ba59abbe56e057f20f883e','1970-1-1 00:00:00','1970-1-1 00:00:00','User');
insert into accounts(username,password,regtime,lastLogin,role) 
	values('user86','e10adc3949ba59abbe56e057f20f883e','1970-1-1 00:00:00','1970-1-1 00:00:00','User');
insert into accounts(username,password,regtime,lastLogin,role) 
	values('user87','e10adc3949ba59abbe56e057f20f883e','1970-1-1 00:00:00','1970-1-1 00:00:00','User');
insert into accounts(username,password,regtime,lastLogin,role) 
	values('user88','e10adc3949ba59abbe56e057f20f883e','1970-1-1 00:00:00','1970-1-1 00:00:00','User');
insert into accounts(username,password,regtime,lastLogin,role) 
	values('user89','e10adc3949ba59abbe56e057f20f883e','1970-1-1 00:00:00','1970-1-1 00:00:00','User');
insert into accounts(username,password,regtime,lastLogin,role) 
	values('user90','e10adc3949ba59abbe56e057f20f883e','1970-1-1 00:00:00','1970-1-1 00:00:00','User');
insert into accounts(username,password,regtime,lastLogin,role) 
	values('user91','e10adc3949ba59abbe56e057f20f883e','1970-1-1 00:00:00','1970-1-1 00:00:00','User');
insert into accounts(username,password,regtime,lastLogin,role) 
	values('user92','e10adc3949ba59abbe56e057f20f883e','1970-1-1 00:00:00','1970-1-1 00:00:00','User');
insert into accounts(username,password,regtime,lastLogin,role) 
	values('user93','e10adc3949ba59abbe56e057f20f883e','1970-1-1 00:00:00','1970-1-1 00:00:00','User');
insert into accounts(username,password,regtime,lastLogin,role) 
	values('user94','e10adc3949ba59abbe56e057f20f883e','1970-1-1 00:00:00','1970-1-1 00:00:00','User');
insert into accounts(username,password,regtime,lastLogin,role) 
	values('user95','e10adc3949ba59abbe56e057f20f883e','1970-1-1 00:00:00','1970-1-1 00:00:00','User');
insert into accounts(username,password,regtime,lastLogin,role) 
	values('user96','e10adc3949ba59abbe56e057f20f883e','1970-1-1 00:00:00','1970-1-1 00:00:00','User');
insert into accounts(username,password,regtime,lastLogin,role) 
	values('user97','e10adc3949ba59abbe56e057f20f883e','1970-1-1 00:00:00','1970-1-1 00:00:00','User');
insert into accounts(username,password,regtime,lastLogin,role) 
	values('user98','e10adc3949ba59abbe56e057f20f883e','1970-1-1 00:00:00','1970-1-1 00:00:00','User');
insert into accounts(username,password,regtime,lastLogin,role) 
	values('user99','e10adc3949ba59abbe56e057f20f883e','1970-1-1 00:00:00','1970-1-1 00:00:00','User');
insert into accounts(username,password,regtime,lastLogin,role) 
	values('user100','e10adc3949ba59abbe56e057f20f883e','1970-1-1 00:00:00','1970-1-1 00:00:00','User');
insert into accounts(username,password,regtime,lastLogin,role) 
	values('user101','e10adc3949ba59abbe56e057f20f883e','1970-1-1 00:00:00','1970-1-1 00:00:00','User');
insert into accounts(username,password,regtime,lastLogin,role) 
	values('user102','e10adc3949ba59abbe56e057f20f883e','1970-1-1 00:00:00','1970-1-1 00:00:00','User');
insert into accounts(username,password,regtime,lastLogin,role) 
	values('user103','e10adc3949ba59abbe56e057f20f883e','1970-1-1 00:00:00','1970-1-1 00:00:00','User');
insert into accounts(username,password,regtime,lastLogin,role) 
	values('user104','e10adc3949ba59abbe56e057f20f883e','1970-1-1 00:00:00','1970-1-1 00:00:00','User');
insert into accounts(username,password,regtime,lastLogin,role) 
	values('user105','e10adc3949ba59abbe56e057f20f883e','1970-1-1 00:00:00','1970-1-1 00:00:00','User');
insert into accounts(username,password,regtime,lastLogin,role) 
	values('user106','e10adc3949ba59abbe56e057f20f883e','1970-1-1 00:00:00','1970-1-1 00:00:00','User');
insert into accounts(username,password,regtime,lastLogin,role) 
	values('user107','e10adc3949ba59abbe56e057f20f883e','1970-1-1 00:00:00','1970-1-1 00:00:00','User');
insert into accounts(username,password,regtime,lastLogin,role) 
	values('user108','e10adc3949ba59abbe56e057f20f883e','1970-1-1 00:00:00','1970-1-1 00:00:00','User');
insert into accounts(username,password,regtime,lastLogin,role) 
	values('user109','e10adc3949ba59abbe56e057f20f883e','1970-1-1 00:00:00','1970-1-1 00:00:00','User');
insert into accounts(username,password,regtime,lastLogin,role) 
	values('user110','e10adc3949ba59abbe56e057f20f883e','1970-1-1 00:00:00','1970-1-1 00:00:00','User');
insert into accounts(username,password,regtime,lastLogin,role) 
	values('user111','e10adc3949ba59abbe56e057f20f883e','1970-1-1 00:00:00','1970-1-1 00:00:00','User');
insert into accounts(username,password,regtime,lastLogin,role) 
	values('user112','e10adc3949ba59abbe56e057f20f883e','1970-1-1 00:00:00','1970-1-1 00:00:00','User');
insert into accounts(username,password,regtime,lastLogin,role) 
	values('user113','e10adc3949ba59abbe56e057f20f883e','1970-1-1 00:00:00','1970-1-1 00:00:00','User');
insert into accounts(username,password,regtime,lastLogin,role) 
	values('user114','e10adc3949ba59abbe56e057f20f883e','1970-1-1 00:00:00','1970-1-1 00:00:00','User');
insert into accounts(username,password,regtime,lastLogin,role) 
	values('user115','e10adc3949ba59abbe56e057f20f883e','1970-1-1 00:00:00','1970-1-1 00:00:00','User');
insert into accounts(username,password,regtime,lastLogin,role) 
	values('user116','e10adc3949ba59abbe56e057f20f883e','1970-1-1 00:00:00','1970-1-1 00:00:00','User');
insert into accounts(username,password,regtime,lastLogin,role) 
	values('user117','e10adc3949ba59abbe56e057f20f883e','1970-1-1 00:00:00','1970-1-1 00:00:00','User');
insert into accounts(username,password,regtime,lastLogin,role) 
	values('user118','e10adc3949ba59abbe56e057f20f883e','1970-1-1 00:00:00','1970-1-1 00:00:00','User');
insert into accounts(username,password,regtime,lastLogin,role) 
	values('user119','e10adc3949ba59abbe56e057f20f883e','1970-1-1 00:00:00','1970-1-1 00:00:00','User');
insert into accounts(username,password,regtime,lastLogin,role) 
	values('user120','e10adc3949ba59abbe56e057f20f883e','1970-1-1 00:00:00','1970-1-1 00:00:00','User');
insert into accounts(username,password,regtime,lastLogin,role) 
	values('user121','e10adc3949ba59abbe56e057f20f883e','1970-1-1 00:00:00','1970-1-1 00:00:00','User');
insert into accounts(username,password,regtime,lastLogin,role) 
	values('user122','e10adc3949ba59abbe56e057f20f883e','1970-1-1 00:00:00','1970-1-1 00:00:00','User');
insert into accounts(username,password,regtime,lastLogin,role) 
	values('user123','e10adc3949ba59abbe56e057f20f883e','1970-1-1 00:00:00','1970-1-1 00:00:00','User');
insert into userInfo(UID,name,gender,age,nation,phone,email) 
	values('24','name24','female','83','汉族','12345678910','123@163.com');
insert into userInfo(UID,name,gender,age,nation,phone,email) 
	values('25','name25','male','30','汉族','12345678910','123@163.com');
insert into userInfo(UID,name,gender,age,nation,phone,email) 
	values('26','name26','female','39','汉族','12345678910','123@163.com');
insert into userInfo(UID,name,gender,age,nation,phone,email) 
	values('27','name27','male','84','汉族','12345678910','123@163.com');
insert into userInfo(UID,name,gender,age,nation,phone,email) 
	values('28','name28','female','74','汉族','12345678910','123@163.com');
insert into userInfo(UID,name,gender,age,nation,phone,email) 
	values('29','name29','male','58','汉族','12345678910','123@163.com');
insert into userInfo(UID,name,gender,age,nation,phone,email) 
	values('30','name30','female','27','汉族','12345678910','123@163.com');
insert into userInfo(UID,name,gender,age,nation,phone,email) 
	values('31','name31','male','80','汉族','12345678910','123@163.com');
insert into userInfo(UID,name,gender,age,nation,phone,email) 
	values('32','name32','female','9','汉族','12345678910','123@163.com');
insert into userInfo(UID,name,gender,age,nation,phone,email) 
	values('33','name33','male','84','汉族','12345678910','123@163.com');
insert into userInfo(UID,name,gender,age,nation,phone,email) 
	values('34','name34','female','21','汉族','12345678910','123@163.com');
insert into userInfo(UID,name,gender,age,nation,phone,email) 
	values('35','name35','male','51','汉族','12345678910','123@163.com');
insert into userInfo(UID,name,gender,age,nation,phone,email) 
	values('36','name36','female','56','汉族','12345678910','123@163.com');
insert into userInfo(UID,name,gender,age,nation,phone,email) 
	values('37','name37','male','93','汉族','12345678910','123@163.com');
insert into userInfo(UID,name,gender,age,nation,phone,email) 
	values('38','name38','female','22','汉族','12345678910','123@163.com');
insert into userInfo(UID,name,gender,age,nation,phone,email) 
	values('39','name39','male','77','汉族','12345678910','123@163.com');
insert into userInfo(UID,name,gender,age,nation,phone,email) 
	values('40','name40','female','41','汉族','12345678910','123@163.com');
insert into userInfo(UID,name,gender,age,nation,phone,email) 
	values('41','name41','male','4','汉族','12345678910','123@163.com');
insert into userInfo(UID,name,gender,age,nation,phone,email) 
	values('42','name42','female','42','汉族','12345678910','123@163.com');
insert into userInfo(UID,name,gender,age,nation,phone,email) 
	values('43','name43','male','63','汉族','12345678910','123@163.com');
insert into userInfo(UID,name,gender,age,nation,phone,email) 
	values('44','name44','female','61','汉族','12345678910','123@163.com');
insert into userInfo(UID,name,gender,age,nation,phone,email) 
	values('45','name45','male','51','汉族','12345678910','123@163.com');
insert into userInfo(UID,name,gender,age,nation,phone,email) 
	values('46','name46','female','12','汉族','12345678910','123@163.com');
insert into userInfo(UID,name,gender,age,nation,phone,email) 
	values('47','name47','male','31','汉族','12345678910','123@163.com');
insert into userInfo(UID,name,gender,age,nation,phone,email) 
	values('48','name48','female','6','汉族','12345678910','123@163.com');
insert into userInfo(UID,name,gender,age,nation,phone,email) 
	values('49','name49','male','64','汉族','12345678910','123@163.com');
insert into userInfo(UID,name,gender,age,nation,phone,email) 
	values('50','name50','female','92','汉族','12345678910','123@163.com');
insert into userInfo(UID,name,gender,age,nation,phone,email) 
	values('51','name51','male','95','汉族','12345678910','123@163.com');
insert into userInfo(UID,name,gender,age,nation,phone,email) 
	values('52','name52','female','24','汉族','12345678910','123@163.com');
insert into userInfo(UID,name,gender,age,nation,phone,email) 
	values('53','name53','male','98','汉族','12345678910','123@163.com');
insert into userInfo(UID,name,gender,age,nation,phone,email) 
	values('54','name54','female','27','汉族','12345678910','123@163.com');
insert into userInfo(UID,name,gender,age,nation,phone,email) 
	values('55','name55','male','63','汉族','12345678910','123@163.com');
insert into userInfo(UID,name,gender,age,nation,phone,email) 
	values('56','name56','female','44','汉族','12345678910','123@163.com');
insert into userInfo(UID,name,gender,age,nation,phone,email) 
	values('57','name57','male','31','汉族','12345678910','123@163.com');
insert into userInfo(UID,name,gender,age,nation,phone,email) 
	values('58','name58','female','14','汉族','12345678910','123@163.com');
insert into userInfo(UID,name,gender,age,nation,phone,email) 
	values('59','name59','male','48','汉族','12345678910','123@163.com');
insert into userInfo(UID,name,gender,age,nation,phone,email) 
	values('60','name60','female','80','汉族','12345678910','123@163.com');
insert into userInfo(UID,name,gender,age,nation,phone,email) 
	values('61','name61','male','9','汉族','12345678910','123@163.com');
insert into userInfo(UID,name,gender,age,nation,phone,email) 
	values('62','name62','female','30','汉族','12345678910','123@163.com');
insert into userInfo(UID,name,gender,age,nation,phone,email) 
	values('63','name63','male','88','汉族','12345678910','123@163.com');
insert into userInfo(UID,name,gender,age,nation,phone,email) 
	values('64','name64','female','93','汉族','12345678910','123@163.com');
insert into userInfo(UID,name,gender,age,nation,phone,email) 
	values('65','name65','male','64','汉族','12345678910','123@163.com');
insert into userInfo(UID,name,gender,age,nation,phone,email) 
	values('66','name66','female','58','汉族','12345678910','123@163.com');
insert into userInfo(UID,name,gender,age,nation,phone,email) 
	values('67','name67','male','63','汉族','12345678910','123@163.com');
insert into userInfo(UID,name,gender,age,nation,phone,email) 
	values('68','name68','female','89','汉族','12345678910','123@163.com');
insert into userInfo(UID,name,gender,age,nation,phone,email) 
	values('69','name69','male','34','汉族','12345678910','123@163.com');
insert into userInfo(UID,name,gender,age,nation,phone,email) 
	values('70','name70','female','57','汉族','12345678910','123@163.com');
insert into userInfo(UID,name,gender,age,nation,phone,email) 
	values('71','name71','male','30','汉族','12345678910','123@163.com');
insert into userInfo(UID,name,gender,age,nation,phone,email) 
	values('72','name72','female','85','汉族','12345678910','123@163.com');
insert into userInfo(UID,name,gender,age,nation,phone,email) 
	values('73','name73','male','46','汉族','12345678910','123@163.com');
insert into userInfo(UID,name,gender,age,nation,phone,email) 
	values('74','name74','female','62','汉族','12345678910','123@163.com');
insert into userInfo(UID,name,gender,age,nation,phone,email) 
	values('75','name75','male','87','汉族','12345678910','123@163.com');
insert into userInfo(UID,name,gender,age,nation,phone,email) 
	values('76','name76','female','70','汉族','12345678910','123@163.com');
insert into userInfo(UID,name,gender,age,nation,phone,email) 
	values('77','name77','male','85','汉族','12345678910','123@163.com');
insert into userInfo(UID,name,gender,age,nation,phone,email) 
	values('78','name78','female','89','汉族','12345678910','123@163.com');
insert into userInfo(UID,name,gender,age,nation,phone,email) 
	values('79','name79','male','76','汉族','12345678910','123@163.com');
insert into userInfo(UID,name,gender,age,nation,phone,email) 
	values('80','name80','female','93','汉族','12345678910','123@163.com');
insert into userInfo(UID,name,gender,age,nation,phone,email) 
	values('81','name81','male','26','汉族','12345678910','123@163.com');
insert into userInfo(UID,name,gender,age,nation,phone,email) 
	values('82','name82','female','24','汉族','12345678910','123@163.com');
insert into userInfo(UID,name,gender,age,nation,phone,email) 
	values('83','name83','male','12','汉族','12345678910','123@163.com');
insert into userInfo(UID,name,gender,age,nation,phone,email) 
	values('84','name84','female','53','汉族','12345678910','123@163.com');
insert into userInfo(UID,name,gender,age,nation,phone,email) 
	values('85','name85','male','91','汉族','12345678910','123@163.com');
insert into userInfo(UID,name,gender,age,nation,phone,email) 
	values('86','name86','female','82','汉族','12345678910','123@163.com');
insert into userInfo(UID,name,gender,age,nation,phone,email) 
	values('87','name87','male','27','汉族','12345678910','123@163.com');
insert into userInfo(UID,name,gender,age,nation,phone,email) 
	values('88','name88','female','80','汉族','12345678910','123@163.com');
insert into userInfo(UID,name,gender,age,nation,phone,email) 
	values('89','name89','male','52','汉族','12345678910','123@163.com');
insert into userInfo(UID,name,gender,age,nation,phone,email) 
	values('90','name90','female','38','汉族','12345678910','123@163.com');
insert into userInfo(UID,name,gender,age,nation,phone,email) 
	values('91','name91','male','0','汉族','12345678910','123@163.com');
insert into userInfo(UID,name,gender,age,nation,phone,email) 
	values('92','name92','female','6','汉族','12345678910','123@163.com');
insert into userInfo(UID,name,gender,age,nation,phone,email) 
	values('93','name93','male','48','汉族','12345678910','123@163.com');
insert into userInfo(UID,name,gender,age,nation,phone,email) 
	values('94','name94','female','19','汉族','12345678910','123@163.com');
insert into userInfo(UID,name,gender,age,nation,phone,email) 
	values('95','name95','male','72','汉族','12345678910','123@163.com');
insert into userInfo(UID,name,gender,age,nation,phone,email) 
	values('96','name96','female','37','汉族','12345678910','123@163.com');
insert into userInfo(UID,name,gender,age,nation,phone,email) 
	values('97','name97','male','38','汉族','12345678910','123@163.com');
insert into userInfo(UID,name,gender,age,nation,phone,email) 
	values('98','name98','female','35','汉族','12345678910','123@163.com');
insert into userInfo(UID,name,gender,age,nation,phone,email) 
	values('99','name99','male','50','汉族','12345678910','123@163.com');
insert into userInfo(UID,name,gender,age,nation,phone,email) 
	values('100','name100','female','8','汉族','12345678910','123@163.com');
insert into userInfo(UID,name,gender,age,nation,phone,email) 
	values('101','name101','male','98','汉族','12345678910','123@163.com');
insert into userInfo(UID,name,gender,age,nation,phone,email) 
	values('102','name102','female','50','汉族','12345678910','123@163.com');
insert into userInfo(UID,name,gender,age,nation,phone,email) 
	values('103','name103','male','62','汉族','12345678910','123@163.com');
insert into userInfo(UID,name,gender,age,nation,phone,email) 
	values('104','name104','female','63','汉族','12345678910','123@163.com');
insert into userInfo(UID,name,gender,age,nation,phone,email) 
	values('105','name105','male','91','汉族','12345678910','123@163.com');
insert into userInfo(UID,name,gender,age,nation,phone,email) 
	values('106','name106','female','64','汉族','12345678910','123@163.com');
insert into userInfo(UID,name,gender,age,nation,phone,email) 
	values('107','name107','male','2','汉族','12345678910','123@163.com');
insert into userInfo(UID,name,gender,age,nation,phone,email) 
	values('108','name108','female','67','汉族','12345678910','123@163.com');
insert into userInfo(UID,name,gender,age,nation,phone,email) 
	values('109','name109','male','99','汉族','12345678910','123@163.com');
insert into userInfo(UID,name,gender,age,nation,phone,email) 
	values('110','name110','female','57','汉族','12345678910','123@163.com');
insert into userInfo(UID,name,gender,age,nation,phone,email) 
	values('111','name111','male','18','汉族','12345678910','123@163.com');
insert into userInfo(UID,name,gender,age,nation,phone,email) 
	values('112','name112','female','90','汉族','12345678910','123@163.com');
insert into userInfo(UID,name,gender,age,nation,phone,email) 
	values('113','name113','male','93','汉族','12345678910','123@163.com');
insert into userInfo(UID,name,gender,age,nation,phone,email) 
	values('114','name114','female','67','汉族','12345678910','123@163.com');
insert into userInfo(UID,name,gender,age,nation,phone,email) 
	values('115','name115','male','10','汉族','12345678910','123@163.com');
insert into userInfo(UID,name,gender,age,nation,phone,email) 
	values('116','name116','female','24','汉族','12345678910','123@163.com');
insert into userInfo(UID,name,gender,age,nation,phone,email) 
	values('117','name117','male','3','汉族','12345678910','123@163.com');
insert into userInfo(UID,name,gender,age,nation,phone,email) 
	values('118','name118','female','53','汉族','12345678910','123@163.com');
insert into userInfo(UID,name,gender,age,nation,phone,email) 
	values('119','name119','male','86','汉族','12345678910','123@163.com');
insert into userInfo(UID,name,gender,age,nation,phone,email) 
	values('120','name120','female','19','汉族','12345678910','123@163.com');
insert into userInfo(UID,name,gender,age,nation,phone,email) 
	values('121','name121','male','97','汉族','12345678910','123@163.com');
insert into userInfo(UID,name,gender,age,nation,phone,email) 
	values('122','name122','female','24','汉族','12345678910','123@163.com');
insert into userInfo(UID,name,gender,age,nation,phone,email) 
	values('123','name123','male','68','汉族','12345678910','123@163.com');
insert into assistInfo(UID,name,gender,age,nation,phone,email) 
	values('4','name4','female','60','汉族','12345678910','123@163.com');
insert into assistInfo(UID,name,gender,age,nation,phone,email) 
	values('5','name5','male','80','汉族','12345678910','123@163.com');
insert into assistInfo(UID,name,gender,age,nation,phone,email) 
	values('6','name6','female','47','汉族','12345678910','123@163.com');
insert into assistInfo(UID,name,gender,age,nation,phone,email) 
	values('7','name7','male','6','汉族','12345678910','123@163.com');
insert into assistInfo(UID,name,gender,age,nation,phone,email) 
	values('8','name8','female','75','汉族','12345678910','123@163.com');
insert into assistInfo(UID,name,gender,age,nation,phone,email) 
	values('9','name9','male','61','汉族','12345678910','123@163.com');
insert into assistInfo(UID,name,gender,age,nation,phone,email) 
	values('10','name10','female','3','汉族','12345678910','123@163.com');
insert into assistInfo(UID,name,gender,age,nation,phone,email) 
	values('11','name11','male','70','汉族','12345678910','123@163.com');
insert into assistInfo(UID,name,gender,age,nation,phone,email) 
	values('12','name12','female','53','汉族','12345678910','123@163.com');
insert into assistInfo(UID,name,gender,age,nation,phone,email) 
	values('13','name13','male','52','汉族','12345678910','123@163.com');
insert into assistInfo(UID,name,gender,age,nation,phone,email) 
	values('14','name14','female','90','汉族','12345678910','123@163.com');
insert into assistInfo(UID,name,gender,age,nation,phone,email) 
	values('15','name15','male','98','汉族','12345678910','123@163.com');
insert into assistInfo(UID,name,gender,age,nation,phone,email) 
	values('16','name16','female','72','汉族','12345678910','123@163.com');
insert into assistInfo(UID,name,gender,age,nation,phone,email) 
	values('17','name17','male','5','汉族','12345678910','123@163.com');
insert into assistInfo(UID,name,gender,age,nation,phone,email) 
	values('18','name18','female','3','汉族','12345678910','123@163.com');
insert into assistInfo(UID,name,gender,age,nation,phone,email) 
	values('19','name19','male','61','汉族','12345678910','123@163.com');
insert into assistInfo(UID,name,gender,age,nation,phone,email) 
	values('20','name20','female','19','汉族','12345678910','123@163.com');
insert into assistInfo(UID,name,gender,age,nation,phone,email) 
	values('21','name21','male','18','汉族','12345678910','123@163.com');
insert into assistInfo(UID,name,gender,age,nation,phone,email) 
	values('22','name22','female','71','汉族','12345678910','123@163.com');
insert into assistInfo(UID,name,gender,age,nation,phone,email) 
	values('23','name23','male','81','汉族','12345678910','123@163.com');
insert into service(name,open,close,duration,price) 
	values('service0','1970-1-1 00:00:00','1970-1-1 00:00:00','0','0');
insert into service(name,open,close,duration,price) 
	values('service1','1970-1-1 00:00:00','1970-1-1 00:00:00','1','1');
insert into service(name,open,close,duration,price) 
	values('service2','1970-1-1 00:00:00','1970-1-1 00:00:00','2','2');
insert into service(name,open,close,duration,price) 
	values('service3','1970-1-1 00:00:00','1970-1-1 00:00:00','3','3');
insert into service(name,open,close,duration,price) 
	values('service4','1970-1-1 00:00:00','1970-1-1 00:00:00','4','4');
insert into service(name,open,close,duration,price) 
	values('service5','1970-1-1 00:00:00','1970-1-1 00:00:00','5','5');
insert into service(name,open,close,duration,price) 
	values('service6','1970-1-1 00:00:00','1970-1-1 00:00:00','6','6');
insert into service(name,open,close,duration,price) 
	values('service7','1970-1-1 00:00:00','1970-1-1 00:00:00','7','7');
insert into service(name,open,close,duration,price) 
	values('service8','1970-1-1 00:00:00','1970-1-1 00:00:00','8','8');
insert into service(name,open,close,duration,price) 
	values('service9','1970-1-1 00:00:00','1970-1-1 00:00:00','9','9');
insert into works(AID,SID,level,avgscore) 
	values('1','2','3','1.5');
insert into works(AID,SID,level,avgscore) 
	values('2','3','4','2.4');
insert into works(AID,SID,level,avgscore) 
	values('3','4','2','2.1');
insert into works(AID,SID,level,avgscore) 
	values('4','5','2','3.9');
insert into works(AID,SID,level,avgscore) 
	values('5','6','2','2.4');
insert into works(AID,SID,level,avgscore) 
	values('6','7','2','2.4');
insert into works(AID,SID,level,avgscore) 
	values('7','8','0','0.1');
insert into works(AID,SID,level,avgscore) 
	values('8','9','4','4.1');
insert into works(AID,SID,level,avgscore) 
	values('9','10','2','2.8');
insert into works(AID,SID,level,avgscore) 
	values('10','1','2','2.8');
insert into works(AID,SID,level,avgscore) 
	values('11','2','4','3.8');
insert into works(AID,SID,level,avgscore) 
	values('12','3','2','2.9');
insert into works(AID,SID,level,avgscore) 
	values('13','4','0','1.2');
insert into works(AID,SID,level,avgscore) 
	values('14','5','1','1.7');
insert into works(AID,SID,level,avgscore) 
	values('15','6','1','2.9');
insert into works(AID,SID,level,avgscore) 
	values('16','7','1','3.1');
insert into works(AID,SID,level,avgscore) 
	values('17','8','1','0.7');
insert into works(AID,SID,level,avgscore) 
	values('18','9','4','4.2');
insert into works(AID,SID,level,avgscore) 
	values('19','10','3','1.5');
insert into works(AID,SID,level,avgscore) 
	values('20','1','1','1.3');
insert into salary(AID,salary) 
	values('1','280.69');
insert into salary(AID,salary) 
	values('2','142.68');
insert into salary(AID,salary) 
	values('3','255.9');
insert into salary(AID,salary) 
	values('4','290.45');
insert into salary(AID,salary) 
	values('5','157.11');
insert into salary(AID,salary) 
	values('6','152.65');
insert into salary(AID,salary) 
	values('7','75.05');
insert into salary(AID,salary) 
	values('8','70.52');
insert into salary(AID,salary) 
	values('9','196.85');
insert into salary(AID,salary) 
	values('10','130.37');
insert into salary(AID,salary) 
	values('11','225.41');
insert into salary(AID,salary) 
	values('12','211.74');
insert into salary(AID,salary) 
	values('13','55.24');
insert into salary(AID,salary) 
	values('14','86.03');
insert into salary(AID,salary) 
	values('15','307.32');
insert into salary(AID,salary) 
	values('16','235.13');
insert into salary(AID,salary) 
	values('17','140.87');
insert into salary(AID,salary) 
	values('18','76.62');
insert into salary(AID,salary) 
	values('19','70.01');
insert into salary(AID,salary) 
	values('20','313.36');
insert into records(AID,UID,SID,start,finish) 
	values('1','24','1','1970-1-1 00:00:00','1970-1-1 00:00:00');
insert into records(AID,UID,SID,start,finish) 
	values('2','25','2','1970-1-1 00:00:00','1970-1-1 00:00:00');
insert into records(AID,UID,SID,start,finish) 
	values('3','26','3','1970-1-1 00:00:00','1970-1-1 00:00:00');
insert into records(AID,UID,SID,start,finish) 
	values('4','27','4','1970-1-1 00:00:00','1970-1-1 00:00:00');
insert into records(AID,UID,SID,start,finish) 
	values('5','28','5','1970-1-1 00:00:00','1970-1-1 00:00:00');
insert into records(AID,UID,SID,start,finish) 
	values('6','29','6','1970-1-1 00:00:00','1970-1-1 00:00:00');
insert into records(AID,UID,SID,start,finish) 
	values('7','30','7','1970-1-1 00:00:00','1970-1-1 00:00:00');
insert into records(AID,UID,SID,start,finish) 
	values('8','31','8','1970-1-1 00:00:00','1970-1-1 00:00:00');
insert into records(AID,UID,SID,start,finish) 
	values('9','32','9','1970-1-1 00:00:00','1970-1-1 00:00:00');
insert into records(AID,UID,SID,start,finish) 
	values('10','33','10','1970-1-1 00:00:00','1970-1-1 00:00:00');
insert into records(AID,UID,SID,start,finish) 
	values('11','34','1','1970-1-1 00:00:00','1970-1-1 00:00:00');
insert into records(AID,UID,SID,start,finish) 
	values('12','35','2','1970-1-1 00:00:00','1970-1-1 00:00:00');
insert into records(AID,UID,SID,start,finish) 
	values('13','36','3','1970-1-1 00:00:00','1970-1-1 00:00:00');
insert into records(AID,UID,SID,start,finish) 
	values('14','37','4','1970-1-1 00:00:00','1970-1-1 00:00:00');
insert into records(AID,UID,SID,start,finish) 
	values('15','38','5','1970-1-1 00:00:00','1970-1-1 00:00:00');
insert into records(AID,UID,SID,start,finish) 
	values('16','39','6','1970-1-1 00:00:00','1970-1-1 00:00:00');
insert into records(AID,UID,SID,start,finish) 
	values('17','40','7','1970-1-1 00:00:00','1970-1-1 00:00:00');
insert into records(AID,UID,SID,start,finish) 
	values('18','41','8','1970-1-1 00:00:00','1970-1-1 00:00:00');
insert into records(AID,UID,SID,start,finish) 
	values('19','42','9','1970-1-1 00:00:00','1970-1-1 00:00:00');
insert into records(AID,UID,SID,start,finish) 
	values('20','43','10','1970-1-1 00:00:00','1970-1-1 00:00:00');
insert into records(AID,UID,SID,start,finish) 
	values('1','44','1','1970-1-1 00:00:00','1970-1-1 00:00:00');
insert into records(AID,UID,SID,start,finish) 
	values('2','45','2','1970-1-1 00:00:00','1970-1-1 00:00:00');
insert into records(AID,UID,SID,start,finish) 
	values('3','46','3','1970-1-1 00:00:00','1970-1-1 00:00:00');
insert into records(AID,UID,SID,start,finish) 
	values('4','47','4','1970-1-1 00:00:00','1970-1-1 00:00:00');
insert into records(AID,UID,SID,start,finish) 
	values('5','48','5','1970-1-1 00:00:00','1970-1-1 00:00:00');
insert into records(AID,UID,SID,start,finish) 
	values('6','49','6','1970-1-1 00:00:00','1970-1-1 00:00:00');
insert into records(AID,UID,SID,start,finish) 
	values('7','50','7','1970-1-1 00:00:00','1970-1-1 00:00:00');
insert into records(AID,UID,SID,start,finish) 
	values('8','51','8','1970-1-1 00:00:00','1970-1-1 00:00:00');
insert into records(AID,UID,SID,start,finish) 
	values('9','52','9','1970-1-1 00:00:00','1970-1-1 00:00:00');
insert into records(AID,UID,SID,start,finish) 
	values('10','53','10','1970-1-1 00:00:00','1970-1-1 00:00:00');
insert into records(AID,UID,SID,start,finish) 
	values('11','54','1','1970-1-1 00:00:00','1970-1-1 00:00:00');
insert into records(AID,UID,SID,start,finish) 
	values('12','55','2','1970-1-1 00:00:00','1970-1-1 00:00:00');
insert into records(AID,UID,SID,start,finish) 
	values('13','56','3','1970-1-1 00:00:00','1970-1-1 00:00:00');
insert into records(AID,UID,SID,start,finish) 
	values('14','57','4','1970-1-1 00:00:00','1970-1-1 00:00:00');
insert into records(AID,UID,SID,start,finish) 
	values('15','58','5','1970-1-1 00:00:00','1970-1-1 00:00:00');
insert into records(AID,UID,SID,start,finish) 
	values('16','59','6','1970-1-1 00:00:00','1970-1-1 00:00:00');
insert into records(AID,UID,SID,start,finish) 
	values('17','60','7','1970-1-1 00:00:00','1970-1-1 00:00:00');
insert into records(AID,UID,SID,start,finish) 
	values('18','61','8','1970-1-1 00:00:00','1970-1-1 00:00:00');
insert into records(AID,UID,SID,start,finish) 
	values('19','62','9','1970-1-1 00:00:00','1970-1-1 00:00:00');
insert into records(AID,UID,SID,start,finish) 
	values('20','63','10','1970-1-1 00:00:00','1970-1-1 00:00:00');
